"id","rank","species","best_identity","superkingdom_name","kingdom_name","phylum_name","class_name","order_name","family_name","genus_name","species_name","best_match","species_list","taxid","X1","X2","X3","X4","X5","X6","X7","X8","X9","X10","X11","X12","X13","X14","X15","X16","X20","X21","X22","X23","X24","X25","X26","X27","X28","X29","X30","X31","X395","X396","X380X","X380Y","X395_2","X396_2","X460X","X460Y","X460Z","total_reads","sequence"
"Lib1_000000010","species","Sphyrna lewini",1,"Opisthokonta","Metazoa","Chordata","Chondrichthyes","Carcharhiniformes","Carcharhinidae","Sphyrna","Sphyrna lewini","Sphyrna_lewini_112","[Sphyrna lewini]",7823,0,90114,34140,29,29494,137847,27,46499,5225,51462,106853,19419,48729,2423,14747,0,16050,104,6605,53,122,3836,89902,7,1467,220933,173771,33646,3002,46,8182,9053,5696,19528,48575,33785,0,1261371,"caccgcggttatacgagtgactcacattaacacaccacggcgtaaagagtgattaaagaatgacctcaaacttactaaagttcagacctcataaagccgttatacgcatccatgagtagaataaacaacaacgaaagtgactttataaatataagaaaccttgatgtcacgacagttgggacc"
"Lib1_000000006","species","Carcharhinus falciformis",1,"Opisthokonta","Metazoa","Chordata","Chondrichthyes","Carcharhiniformes","Carcharhinidae","Carcharhinus","Carcharhinus falciformis","Carcharhinus_falciformis_18","[Carcharhinus falciformis]",202609,0,0,2,0,3,0,0,0,2,5,1026,0,4,7,0,0,3212,141010,94676,159057,172276,22535,17337,212,13,4336,447,48382,36190,11965,790,798,71,1415,2692,3554,0,722017,"caccgcggttatacgagtaactcacattaacacaccccggcgtaaagagtgattaaagaatgacctctaaccactaaagtttagacctcataaaactgttatacgtgttcatgaatggaataaacaacaacgaaagtgactttacaaattaaggaaccttgatgtcacgacagttgggacc"
"Lib1_000000001","species","Sphyrna zygaena",1,"Opisthokonta","Metazoa","Chordata","Chondrichthyes","Carcharhiniformes","Carcharhinidae","Sphyrna","Sphyrna zygaena","AF448023","[Sphyrna zygaena]",195335,0,4,104,0,1074,32,0,21,29,3884,324,10,232,47,214,0,3584,145637,171046,130286,124535,33680,1030,26,157,838,5006,1035,2,81,528,317,274,836,1680,2719,26,629298,"caccgcggttatacgagtgactcatattaacacaacccggcgtaaagagtgatttaagaatgatcttaaactaattaaagctcagacctcataaagctgttatacgcatctatgagtagaacaaacaacaacgaaagtgactttataaacttaagaaaccttgatgtcacgacagttgggatc"
"Lib1_000000018","species","Carcharhinus sorrah",1,"Opisthokonta","Metazoa","Chordata","Chondrichthyes","Carcharhiniformes","Carcharhinidae","Carcharhinus","Carcharhinus sorrah","Carcharhinus_sorrah_73","[Carcharhinus sorrah]",280671,0,0,16788,429,15937,3197,108131,4609,5048,72551,4239,983,984,66303,13,0,2227,1980,10,1428,1667,3,4919,0,19,256,16,8,1412,20364,1088,5116,1859,6712,7629,4640,0,360565,"caccgcggttatacgagtaactcacattaacacacttcggcgtaaagagtgattaaagaatgacctctaactactaaagtttagacctcataaaactgttatacgtatccatgaatggaataaacaacaacgaaagtgactttataaattaaggaaccttgatgtcacgacagttgggacc"
"Lib1_000000005","species","Sphyrna mokarran",1,"Opisthokonta","Metazoa","Chordata","Chondrichthyes","Carcharhiniformes","Carcharhinidae","Sphyrna","Sphyrna mokarran","Sphyrna_mokarran_21","[Sphyrna mokarran]",195334,0,0,445,0,56904,6149,12,3778,2954,9645,4488,206,3174,1640,4,0,4637,4,11,7,9,7135,27334,0,68312,7473,3,2,289,1122,19760,12550,2889,13824,56769,40272,0,351801,"caccgcggttatacgagtgactcacattaacacattcccggcgtaaagagtgattaaagaaagacctcaaacctattaaagtttagacctcataaagctgttatacgcacccatgaatggaataaacaacaacgaaagtgactttatagacctaaggaatcttgatgtcacgacagttgggacc"
"Lib1_000000019","species","Glaucostegus typus",0.988950276,"Opisthokonta","Metazoa","Chordata","Chondrichthyes","Pristiformes/Rhiniformes group","Rhinobatidae","Glaucostegus","Glaucostegus typus","Glaucostegus_typus_268","[Glaucostegus typus]",337882,0,0,26717,0,6,18,0,0,7,17861,7731,152713,6685,41400,162,0,0,5,4664,3231,18,2,0,0,0,0,0,0,1111,22417,954,4284,2626,7665,12043,5676,0,317996,"caccgcggttatacgagtgacatacattaatactttcacggcgtaaagggtgattaaaaataatctaaacatactaaagttaaaacctcatcaagctgtcatacgctcccatgagtaaaaaatacaccaacgaaagtaactttaccaaaaaagaacttttgacctcacgacagttaagacc"
"Lib1_000000056","species","Stegostoma fasciatum",1,"Opisthokonta","Metazoa","Chordata","Chondrichthyes","Orectolobiformes","Stegostomatidae","Stegostoma","Stegostoma fasciatum","Stegostoma_fasciatum_40","[Stegostoma fasciatum]",378071,0,0,0,0,0,0,0,0,201,11107,27832,40151,0,3,234741,0,0,0,0,0,0,0,0,0,0,0,0,0,0,0,0,0,0,1616,466,2549,0,318666,"caccgcggttatacgagtaacccaaattaacactccacggtgtaaagagtgatttaaggaaaaactataatcattaaagctaaaatctcatccaactgttatacgtacacatgagtagaataaccaataacgaaagtgactttataccattagcaatcttgacgtcacgacaattaggacc"
"Lib1_000000027","species","Galeocerdo cuvier",1,"Opisthokonta","Metazoa","Chordata","Chondrichthyes","Carcharhiniformes","Carcharhinidae","Galeocerdo","Galeocerdo cuvier","Galeocerdo_cuvier_354","[Galeocerdo cuvier]",7819,432,0,0,0,62,0,0,0,266,1126,0,0,2,4,0,0,661,5528,102060,3717,7500,4037,3227,0,164,0,6521,19888,17977,63964,362,308,138,628,1126,1202,0,240900,"caccgcggttatacgagtgactcatattaatacatcacggcgtaaagagtgattaaagaatgatctttaataactaaagtttagacctcataaggccgtcatacgcattcatgaacggaataaccaacaacgaaagtgactttaaataccaagaaaccttgatgtcacgacaattgggatc"
"Lib1_000000052","species","Carcharhinus macloti",1,"Opisthokonta","Metazoa","Chordata","Chondrichthyes","Carcharhiniformes","Carcharhinidae","Carcharhinus","Carcharhinus macloti","NC_024862","[Carcharhinus macloti]",443759,0,0,4038,110,5055,3894,4304,0,323,2155,95123,3397,2619,68880,3,0,31,0,2,0,0,0,0,0,0,6,16,0,0,3,124,4563,472,4880,2069,1720,0,203787,"caccgcggttatacgagtaactcacattaacacatcccggcgtaaagagtgattaaagaatgaccttcaactactaaagttcagacctcataaaactgttatacgtacccatgaatggaataaacaacaacgaaagtgactttataaattaaggaaccttgatgccacgacagttggaacc"
"Lib1_000000054","species","Carcharhinus amblyrhynchoides",1,"Opisthokonta","Metazoa","Chordata","Chondrichthyes","Carcharhiniformes","Carcharhinidae","Carcharhinus","Carcharhinus amblyrhynchoides","Carcharhinus_amblyrhynchoides_74","[Carcharhinus amblyrhynchoides]",443756,39441,3,1910,615,9757,3369,644,407,9601,29464,4421,1797,4531,3351,2291,0,6828,4,2,3,6,312,10502,1518,189,4234,12,0,712,0,1513,2510,1367,3211,2981,14451,0,161957,"caccgcggttatacgagtaactcatattaacacaccccggcgtaaagagtgattaaagaatgacctctaactactaaagtttagacctcataaaactgttatacgtatccatgaatggaataaacaacaacgaaagtgactttatatattaaggaaccttgatgtcacgacagttgggacc"
"Lib1_000000039","species","Carcharhinus longimanus",1,"Opisthokonta","Metazoa","Chordata","Chondrichthyes","Carcharhiniformes","Carcharhinidae","Carcharhinus","Carcharhinus longimanus","Carcharhinus_longimanus_25","[Carcharhinus longimanus]",302049,2,0,62,44,84,32,9,8,3,117,207,61,89,183,115,0,1001,37813,25170,32046,29347,13431,147,19,0,6,506,260,71,161,103,115,54,224,405,705,0,142600,"caccgcggttatacgagtaactcacattaacacatcccggcgtaaagagtgattaaagaatgacctttaactactaaagtttagacctcataaaactgttatacgtatccatgagtggaataaacaacaacgaaagtgactttataaattaaggaacctcgatgtcacgacagttggggcc"
"Lib1_000000058","species","Alopias pelagicus",0.994505495,"Opisthokonta","Metazoa","Chordata","Chondrichthyes","Lamniformes","Alopiidae","Alopias","Alopias pelagicus","Alopias_pelagicus_87","[Alopias pelagicus]",57979,0,0,0,0,0,0,0,0,0,0,0,0,0,0,2,0,951,0,198,32,3,92502,174,0,0,0,34,1265,0,0,41,21,29,43,61,27,0,95383,"caccgcggttatacgagtaactcacattaacatttgcccggcgtaaagagtgatttaaggagtatctattataactaaagttaagacctcgtcaagctgttacatgcacccacgaacggaattaccaacaacgaaggtgactttactccaccagaaatcttgatgtcacgacagttagaccc"
"Lib1_000000225","genus","Rhynchobatus",1,"Opisthokonta","Metazoa","Chordata","Chondrichthyes","Pristiformes/Rhiniformes group","Rhynchobatidae","Rhynchobatus","None","Rhynchobatus_australiae_101","[Rhynchobatus cf. laevis KKB-2014| Rhynchobatus australiae]",117880,0,0,1240,0,2492,527,0,0,1525,7845,2582,1528,13969,40153,0,0,0,53,1795,415,2339,213,0,0,0,0,0,0,0,9,36,2729,297,3372,1086,1036,0,85241,"caccgcggttatacgagtaacacatattaatactccacggcgtaaagggtgattaaaaacaatctaactcacactaaagttaaaacctcatcaagctgtcatacgcacccatgagtaaaaaacacaacaacgaaagtgactttaccacaaaaagaacttttgacctcacgacagttaagacc"
"Lib1_000000011","species","Prionace glauca",1,"Opisthokonta","Metazoa","Chordata","Chondrichthyes","Carcharhiniformes","Carcharhinidae","Prionace","Prionace glauca","Prionace_glauca_281","[Prionace glauca]",7815,1289,0,44,0,0,0,0,0,0,10,77,0,38,29,0,0,17657,1950,675,370,151,370,808,0,15,0,1611,56164,1553,799,156,258,285,648,413,1084,0,86454,"caccgcggttatacgagtaactcacattaatacaccccggcgtaaagagtgattaaagaatgacctttaactactaaagtttagaccttattaaactgttatacgtattcataaatggaataaacaacaacgaaagtgactttacgaattaaggaaccttgatgtcacgacagttgggacc"
"Lib1_000000193","species","Alopias superciliosus",1,"Opisthokonta","Metazoa","Chordata","Chondrichthyes","Lamniformes","Alopiidae","Alopias","Alopias superciliosus","NC_021443","[Alopias superciliosus]",57980,0,0,12,0,0,3,0,0,2,15,36,5,10,7,19,0,434,4,4,24,14,12764,23577,24038,5,10,40,65,0,0,598,490,451,295,2580,307,0,65809,"caccgcggttatacgagtaactcacattaatactttcccggcgtaaagagtgatttaaggaatatctataataactaaagttaagacctcatcaagctgttacacgcactcacgagtggaattatcaataacgaaagtgactttaccccaccagaaatcttgacgtcacgacagttagaccc"
"Lib1_000000149","species","Rhizoprionodon oligolinx",1,"Opisthokonta","Metazoa","Chordata","Chondrichthyes","Carcharhiniformes","Carcharhinidae","Rhizoprionodon","Rhizoprionodon oligolinx","Rhizoprionodon_oligolinx_231","[Rhizoprionodon oligolinx]",1048763,3,0,365,12,192,3196,209,12344,3245,9009,96,61,311,871,149,2,53,30,34,0,4,7,6,7,2,12,15,42,2,20,76,78,144,213,224,225,11,31270,"caccgcggttatacgagtgactcatattaacacatcccggcgtaaagagtgatttaagaatgacctccaaccactaaagttaaaaccttataaagctgttatacgcacttataagtggaaaaaacaacaacgaaagtgactttataaattaaggaaccttgatctcacgacagttgggacc"
"Lib1_000000789","species","Hemigaleus australiensis",1,"Opisthokonta","Metazoa","Chordata","Chondrichthyes","Carcharhiniformes","Hemigaleidae","Hemigaleus","Hemigaleus australiensis","Hemigaleus_australiensis_118","[Hemigaleus australiensis]",495856,0,0,133,207,1911,471,10302,2108,564,4729,404,34,397,3497,26,0,0,0,0,0,0,0,0,0,0,0,0,0,0,0,0,103,18,193,62,20,0,25179,"caccgcggttatacgagtgactcacattaacacacctcggcgtaaagggtgattaaaagatgatctccaataactaaagtttagaccttataaagctgttatatgcactcataagtggaataaacaacaacgaaagtgactttatatattaagaaatccttgacgtcacgacagttgggacc"
"Lib1_000000127","species","Rhina ancylostoma",1,"Opisthokonta","Metazoa","Chordata","Chondrichthyes","Pristiformes/Rhiniformes group","Rhinidae","Rhina","Rhina ancylostoma","Rhina_ancylostoma_14","[Rhina ancylostoma]",195328,0,0,104,24,8,83,0,0,38,217,256,55,637,466,12,2,76,2647,6028,4356,9954,13,83,16,5,19,39,38,3,23,10,43,20,65,107,124,16,25587,"caccgcggttatacgagtaacacatattaatactctacggcgtaaagggtgattaaaaacaatctaacacatactaaagttaaaacctcatcaagctgtcatacgcacttatgaataaaaagcacaacaacgaaagtgactttactataaaaagaacttttgacctcacgacagttaagacc"
"Lib1_000000116","species","Rhynchobatus springeri",1,"Opisthokonta","Metazoa","Chordata","Chondrichthyes","Pristiformes/Rhiniformes group","Rhynchobatidae","Rhynchobatus","Rhynchobatus springeri","Rhynchobatus_springeri_17","[Rhynchobatus springeri]",1735964,0,0,0,0,0,52,2,0,2,675,2619,3370,2393,12313,0,0,70,2,452,46,72,0,0,0,0,0,0,0,0,0,13,728,79,937,110,275,0,24210,"caccgcggttatacgagtaacacacattaatactccacggcgtaaagggtgattaaaaacaatctaactcacactaaagttaaaacctcatcaagctgtcatacgtatccatgagtaaaaaacacaacaacgaaagtgactttattacaaaaagaacttttgacctcacgacagttaagacc"
"Lib1_000000073","species","Carcharhinus melanopterus",0.994505495,"Opisthokonta","Metazoa","Chordata","Chondrichthyes","Carcharhiniformes","Carcharhinidae","Carcharhinus","Carcharhinus melanopterus","NC_024284","[Carcharhinus melanopterus]",263686,0,0,16,0,0,3,2,5,4,13,34,0,23,12,15,0,3,2,0,21,16,2,7,8823,23,1059,5426,3,2,0,79,99,105,179,578,261,0,16815,"caccgcggttatacgagtaactcatattaacacaccccggcgtaaagagtgattaaagaatgacctttaactactaaagtttagacctcataaaactgttatacgtacccatgagtggaataaacaataacgaaagtgactttataaatcaaggaaccttgatgtcacgacagttggggcc"
"Lib1_000000020","species","Isurus oxyrinchus",1,"Opisthokonta","Metazoa","Chordata","Chondrichthyes","Lamniformes","Alopiidae","Isurus","Isurus oxyrinchus","NC_022691","[Isurus oxyrinchus]",57983,0,0,3,0,0,0,0,2,0,0,11,0,2,0,0,0,459,9,1902,1773,164,0,236,5419,0,3738,1842,43,135,0,50,72,184,261,611,325,3,17244,"caccgcggttatacgagtaactcacattaatactcccccggcgtaaagagtgatttaaggaacatctaacaacaactaaagttcagaccttatcaagctgtcacacgcgcccacaagcggaattatcaacaacgaaagtgactttaccccactagaaatcttgatgtcacgacagttagaccc"
"Lib1_000000285","species","Eusphyra blochii",1,"Opisthokonta","Metazoa","Chordata","Chondrichthyes","Carcharhiniformes","Sphyrnidae","Eusphyra","Eusphyra blochii","Eusphyra_blochii_33","[Eusphyra blochii]",376650,0,0,0,0,122,8,0,2,0,4,0,3,0,2,0,0,18,0,0,0,0,0,1220,0,222,1977,0,0,0,0,133,66,10,117,441,249,0,4594,"caccgcggttatacgagtaactcatattaatacatcccggcgtaaagagtgattaaagaatgacctcaaacctactaaagttcagacctcataaagctgttatacgcacccatgaatggaataaacaacaacgaaagtaactttataaacttaaggaaccttgatgtcacgacagttgggacc"
"Lib1_000002033","species","Himantura gerrardi",1,"Opisthokonta","Metazoa","Chordata","Chondrichthyes","Myliobatiformes","Dasyatidae","Himantura","Himantura gerrardi","AF447996","[Himantura gerrardi]",86363,0,0,136,0,0,0,0,0,5,24,0,0,5,8,0,0,177,0,5,0,3,1482,4067,0,0,0,0,154,0,3,51,79,30,89,218,56,4,6596,"caccgcggttatacgagtgacgcaaactaatattacacggcgttaagggtgattataataaatcttttcaaaaataaagttaagacaacatcaaactgtcatacgttctcatgtttaaaaacaccacttacgaaagtaactttatacaaaaaagagtttttgatttcacgacagttaaggcc"
"Lib1_000001214","species","Hexanchus griseus",1,"Opisthokonta","Metazoa","Chordata","Chondrichthyes","Hexanchiformes","Hexanchidae","Hexanchus","Hexanchus griseus","KF894469","[Hexanchus griseus]",94987,0,0,9,0,0,0,0,0,3,9,17,2,31,7,5,0,3,0,0,3,3,28,5,0,0,0,494,3950,0,0,5,13,13,35,38,21,0,4694,"caccgcggttatacgagtaacccaaattaatatttcccggcgtaaagagtggtttaagaataaatctcaaacaattaaagttaagatatcatcaaactgttatacgtatttatgaataaaataatcaactacgaaagtaactttataaaatactagaactcttgatgccacgacaggtaagccc"
"Lib1_000002856","genus","Carcharhinus",0.988950276,"Opisthokonta","Metazoa","Chordata","Chondrichthyes","Carcharhiniformes","Carcharhinidae","Carcharhinus","None","NC_026696","[Carcharhinus amboinensis| Carcharhinus obscurus]",7806,0,0,57,106,84,249,71,24,130,307,572,148,1322,2531,0,0,10,16,9,18,14,18,1248,0,46,37,42,7,6,80,53,170,36,259,241,179,0,8090,"caccgcggttatacgagtaactcacattaacacatcccggcgtaaagagtgattaaagaatgatctttaactactaaagtttagacctcataaaactgttatacgtattcatgagcggaataaacaacaacgaaagtgactttataaattaagaaaccttgatgtcacgacagttgggacc"
"Lib1_000000260","species","Mustelus griseus",0.988950276,"Opisthokonta","Metazoa","Chordata","Chondrichthyes","Carcharhiniformes","Triakidae","Mustelus","Mustelus griseus","NC_023527","[Mustelus griseus]",89020,0,0,7,0,1136,2122,166,0,36,559,120,0,46,175,0,0,0,2,3,0,2,2,0,0,0,0,2,0,0,3,13,19,10,20,27,19,0,4489,"caccgcggttatacgagtgactcatattaacacaccccggcgtaaagagtggtttaagaatgaccttaaacaactaaagttaagacctcataaagctgttatacgcacccatgagaggaataatcaacaacgaaagtgactttatatatcaaggcgccttgatgccacgatagttgggacc"
"Lib1_000001977","genus","Mobula",1,"Opisthokonta","Metazoa","Chordata","Chondrichthyes","Myliobatiformes","Myliobatidae","Mobula","None","Mobula_mobular_448","[Mobula formosana| Mobula japanica| Mobula mobular]",86365,0,0,0,0,0,0,0,0,0,0,3,2,0,4,0,0,2382,0,0,0,3,248,367,0,0,0,52,10,0,2,7,7,38,57,6,29,6,3223,"caccgcggttatacgagtgacgcaaactaatattctacggcgttaagggtgattagagacaatctcatccgtataaagttaagacctcattaagctgtcatacgcacttatgattgaaaacatcactcacgaaagtaactttatacaaacagaatttttgacctcacgacagttaagacc"
"Lib1_000001815","species","Carcharhinus tjutjot",1,"Opisthokonta","Metazoa","Chordata","Chondrichthyes","Carcharhiniformes","Carcharhinidae","Carcharhinus","Carcharhinus tjutjot","NC_026871","[Carcharhinus tjutjot]",1443565,0,0,218,0,66,979,7,0,65,1494,23,13,0,83,0,0,9,0,0,2,0,0,0,0,0,0,0,0,0,0,28,41,40,52,70,62,0,3252,"caccgcggttatacgagtaactcacattaacacatcccggcgtaaagagtgattaaagaacgacctttaactactaaagttaagacctcataaaactgttatacgtatccatgaatggaataaacaacaacgaaagtgactttataaatcaaggaaccttgatgtcacgacagttgggacc"
"Lib1_000004783","species","Himantura hortlei",1,"Opisthokonta","Metazoa","Chordata","Chondrichthyes","Myliobatiformes","Dasyatidae","Himantura","Himantura hortlei","NC_027497","[Himantura hortlei]",495860,0,0,4,0,0,0,0,0,2,4,2,0,3,6,2,0,24,0,2,5,8,1085,2764,0,0,0,0,5,0,0,87,99,2,96,241,83,0,4524,"caccgcggttatacgagtgacacaaactaatattccacggcgttaagggtgattaaaacaaatcttactaaaaataaagttaagacaacatcaaactgtcatacgttctcatgtttaaaaacatcacttacgaaagtaactttatacaaaaaagagtttttgacctcacgacagttaagacc"
"Lib1_000000582","genus","Himantura",1,"Opisthokonta","Metazoa","Chordata","Chondrichthyes","Myliobatiformes","Dasyatidae","Himantura","None","Himantura_leoparda_210","[Himantura leoparda| Himantura uarnak]",86362,0,0,2,0,0,37,0,0,2,8,5,0,0,3,0,0,47,0,0,0,3,698,3083,0,0,0,0,0,0,0,27,29,2,19,102,21,0,4088,"caccgcggttatacgagtgacacaaactaatattacacggcgttaggggtgattaaaaccattcttcttaaaaataaagttaagacaacatcaaactgttatacgttctcatgtttaaaaacatcacttacgaaagtaactttatacaaaaaagagtttttgatttcacgacagttaaggcc"
"Lib1_000001870","species","Isurus paucus",0.994505495,"Opisthokonta","Metazoa","Chordata","Chondrichthyes","Lamniformes","Alopiidae","Isurus","Isurus paucus","AY147895","[Isurus paucus]",7847,0,0,24,0,0,0,0,0,0,63,0,0,2,0,0,0,390,103,10,35,570,182,418,7,8,3,0,42,209,2,14,24,15,32,56,26,0,2235,"caccgcggttatacgagtaactcacattaatacttcccggcgtaaagagtgatttaaggaatatctgacaatgactaaagttaagaccttaccaagctgtcacacgcacccataagcggaaccatcaacaacgaaagtgactttaccctactagaaatcttgatgtcacgacagttagaccc"
"Lib1_000000800","species","Carcharhinus plumbeus",1,"Opisthokonta","Metazoa","Chordata","Chondrichthyes","Carcharhiniformes","Carcharhinidae","Carcharhinus","Carcharhinus plumbeus","NC_024596","[Carcharhinus plumbeus]",7808,0,0,0,0,0,0,0,0,0,4,9,0,4,0,0,0,0,0,0,2,6,0,2,1092,17,252,0,422,0,0,27,29,55,20,161,36,0,2138,"caccgcggttatacgagtaactcacattaacacaccccggcgtaaagagtgattaaagaatgacctttaactactaaagtttagacctcataaaactgttatacgtattcatgagtggaataaacaacaacgaaagtgactttacaaactaaggaaccttgatgtcacgacagttgggacc"
"Lib1_000002307","species","Gymnura poecilura",1,"Opisthokonta","Metazoa","Chordata","Chondrichthyes","Myliobatiformes","Gymnuridae","Gymnura","Gymnura poecilura","Gymnura_poecilura_256","[Gymnura poecilura]",495854,0,0,0,0,0,0,0,0,0,0,130,5,0,117,0,0,0,0,0,0,0,0,0,2,0,0,0,2,988,0,2,7,6,17,0,10,0,1286,"caccgcggttacacgagtgactcaaattaatatttaacggcgttaagggtgattagaaaaatcttgccccgaataaagttaagaccccatcaagctgtcatacgcacccatgcccaaaaacatcactaacgaaagtaactttagtacaacagaatttttgacctcacgacagttaagacc"
"Lib1_000002889","species","Dasyatis zugei",1,"Opisthokonta","Metazoa","Chordata","Chondrichthyes","Myliobatiformes","Dasyatidae","Dasyatis","Dasyatis zugei","Telatrygon_zugei_198","[Dasyatis zugei]",195299,0,0,3,0,0,0,0,0,0,0,0,0,0,0,0,0,28,0,0,0,0,284,384,0,0,0,0,0,0,0,20,29,2,24,51,12,0,837,"caccgcggttatacgagtaacacaaattaatatttcacggcgttaagggtgattagaaagatcttatccaaaataaagtcaagagtacattaagctgttatacgctctcatgtttaaaaatatcactcacgaaagtaactttatataaaatagagtttttgacttcacgacagttaagacc"
"Lib1_000012310","species","Himantura granulata",0.994505495,"Opisthokonta","Metazoa","Chordata","Chondrichthyes","Myliobatiformes","Dasyatidae","Himantura","Himantura granulata","NC_023525","[Himantura granulata]",1160813,0,0,0,0,0,0,0,0,0,0,0,0,0,0,0,0,0,0,2,0,0,0,1022,0,0,0,0,0,0,0,11,13,0,5,20,0,0,1073,"caccgcggttatacgagcgacacaaactaatattctacggcgttaagggtgattaaagtaaatctttctaaaaataaagttaagacaacatcaaactgtcatacgttctcatgtttaaaaacatcacttacgaaagtaactttatataaaaaagagttcttgacctcacgatagttaaggca"
"Lib1_000002680","species","Pastinachus atrus",1,"Opisthokonta","Metazoa","Chordata","Chondrichthyes","Myliobatiformes","Dasyatidae","Pastinachus","Pastinachus atrus","NC_023808","[Pastinachus atrus]",1053764,0,0,0,0,86,0,0,0,0,0,0,0,0,0,0,0,12,0,0,0,6,0,506,0,13,0,0,0,0,0,15,23,5,15,51,22,0,754,"caccgcggttatacgagtgacacaaattaatatcctacggcgttaagggtgattagaaaccatcttaccaaaaataaagttgagaccccatcaagctgtcatatgctattatgactggaactatcactcacgaaagtaactttatataagacagaacttttgacctcacgacagttaagacc"
"Lib1_000006035","species","Loxodon macrorhinus",0.994475138,"Opisthokonta","Metazoa","Chordata","Chondrichthyes","Carcharhiniformes","Carcharhinidae","Loxodon","Loxodon macrorhinus","NC_029843","[Loxodon macrorhinus]",884673,0,0,98,0,167,33,3,10,0,161,0,0,0,0,0,0,0,0,0,0,0,0,0,0,0,0,0,0,0,0,10,12,19,43,31,24,0,611,"caccgcggttatacgagagactcacattaatacattccggcgtaaagagtgatttaagaatgacctccaaccactaaagtttagaccttataaagctgttatacgcacctataagtggaagaaacaacaacgaaagtgactttacaaattaaggaaccttgatgtcacgacagtcggggcc"
"Lib1_000005022","genus","Rhinoptera",0.988888889,"Opisthokonta","Metazoa","Chordata","Chondrichthyes","Myliobatiformes","Myliobatidae","Rhinoptera","None","AF448019","[Rhinoptera javanica| Rhinoptera steindachneri]",86374,0,0,3,0,0,20,0,0,10,0,0,0,0,0,0,0,0,0,0,0,0,0,179,0,0,0,0,0,0,0,0,0,0,0,0,0,0,212,"caccgcggttatacgagtgacgcaaattaatattacacggcgttaagggtgattagaaataatcttatcaaaataaagttaagacctcattaagctgtcatacgctctcacgattggaaacaccattaacgaaagtaactttatataaacagagtttttgacctcacgacagttaagacc"
"Lib1_000001561","species","Scoliodon macrorhynchos",1,"Opisthokonta","Metazoa","Chordata","Chondrichthyes","Carcharhiniformes","Carcharhinidae","Scoliodon","Scoliodon macrorhynchos","NC_018052","[Scoliodon macrorhynchos]",1053780,0,0,0,0,0,20,0,0,0,0,0,0,0,32,56,0,0,0,0,0,0,0,0,0,0,0,0,0,0,0,0,2,4,5,3,12,0,134,"caccgcggttatacgagaaactcacattaatatattccggcgtaaagagtgatttaagaatgaccttcaaatcactaaagttcagactttataaagctgttatatgcacttatgagtggaaaaaacaacaacgaaagtgactttacagttcaaggaaccttgatgtcacgacagttgggctc"
"Lib1_000001160","family","Carcharhinidae",0.977900552,"Opisthokonta","Metazoa","Chordata","Chondrichthyes","Carcharhiniformes","Carcharhinidae","None","None","NC_020611","[]",7805,0,0,4,6,38,13,2,0,0,30,49,3,2,19,0,0,18,2,2,3,0,0,0,0,0,0,0,4,0,0,2,3,2,10,36,9,0,257,"caccgcggttatacgagtgactcacattaacacattcccggcgtaaagagtgattaaagaaagacctcaaacctattaaagtttagacctcataaaactgttatacgtatacatgagtggaataaacaacaacgaaagtgactttataaattaaggaaccttgatgtcacgacagttgggacc"
"Lib1_000098805","species","Carcharhinus albimarginatus",1,"Opisthokonta","Metazoa","Chordata","Chondrichthyes","Carcharhiniformes","Carcharhinidae","Carcharhinus","Carcharhinus albimarginatus","Carcharhinus_albimarginatus_391","[Carcharhinus albimarginatus]",495832,0,0,0,0,0,0,0,0,0,0,0,0,0,0,0,0,0,0,0,0,0,0,0,0,0,21,0,0,0,0,0,2,0,6,2,0,0,31,"caccgcggttatacgagtaactcacattaacacatcccggcgtaaagagtgattaaagaatgacctctaactactaaagtttagacctcataaaactgttatacgtattcatgaatgaaataaacaacaacgaaagtgactttacaaattaaggaaccttgatgtcacgacagttgggacc"
"Lib1_000001559","species","Mobula thurstoni",1,"Opisthokonta","Metazoa","Chordata","Chondrichthyes","Myliobatiformes","Myliobatidae","Mobula","Mobula thurstoni","KM364993","[Mobula thurstoni]",86366,0,0,3,0,0,2,0,0,0,3,3,2,3,6,3,0,3558,2,5,0,0,11,791,0,0,0,0,17,0,6,23,10,38,65,21,17,4,4593,"caccgcggttatacgagtgacacaaactaatatttcacggcgttaagggtgattagaaataatctcatcagtataaagttaagacctcattaagctgtcatacgcacttatgattgaaaacatcattaacgaaagtaactttacacaaacagaatttttgacctcacgacagttaagacc"
"Lib1_000004917","species","Carcharhinus amboinensis",1,"Opisthokonta","Metazoa","Chordata","Chondrichthyes","Carcharhiniformes","Carcharhinidae","Carcharhinus","Carcharhinus amboinensis","NC_026696","[Carcharhinus amboinensis]",398260,0,0,0,0,6,0,15,43,0,12,79,7,0,112,0,0,0,0,0,0,0,851,481,0,3,5,10,0,0,0,3,2,0,5,6,3,0,1643,"caccgcggttatacgagtaactcacattaacacatcccggcgtaaagagtgattaaagaatgatctttaactactaaagtttagacctcataaaactgttatacgtatccatgagtggaataaacaacaacgaaagtgactttataaattaagaaaccttgatgtcacgacagttgggacc"
"Lib1_000004072","species","Mustelus manazo",0.994505495,"Opisthokonta","Metazoa","Chordata","Chondrichthyes","Carcharhiniformes","Triakidae","Mustelus","Mustelus manazo","Mustelus_manazo_403","[Mustelus manazo]",79736,0,0,0,0,0,0,0,0,0,0,0,0,0,0,0,0,1514,2,4,0,2,0,0,0,2,5,0,2,0,0,3,2,31,16,8,5,0,1596,"caccgcggttatacgagtaactcatattaacacaccccggcgtaaagagtggtttaagaatgacctttaaataactaaagtttagacctcataaagctgttatacgcacccatgagtggaataatcaacaacgaaagtgactttacatattaaggaaccttgatgccacgatagttgagacc"
"Lib1_000003800","species","Chiloscyllium punctatum",1,"Opisthokonta","Metazoa","Chordata","Chondrichthyes","Orectolobiformes","Hemiscylliidae","Chiloscyllium","Chiloscyllium punctatum","Chiloscyllium_punctatum_134","[Chiloscyllium punctatum]",137246,0,0,6,0,66,24,35,62,5,552,0,4,38,256,0,0,0,0,0,0,0,0,0,0,0,0,0,0,0,0,0,35,15,97,29,11,0,1235,"caccgcggttatacgagtaacccaaattaatactccacggtgtaaagagtgatttaaggaaaaactataaaaactaaagttaagatttcatccaaccgtcatacgtatccatgaatagaatgatcaacaacgaaagtaactttacttaaccagtaatcttgacgtcacgacagttaggacc"
"Lib1_000000675","subfamily","Rhinobatinae",0.950276243,"Opisthokonta","Metazoa","Chordata","Chondrichthyes","Pristiformes/Rhiniformes group","Rhinobatidae","None","None","AF448014","[Glaucostegus formosensis| Rhinobatos schlegelii| Rhinobatos hynnicephalus]",548256,0,0,0,0,0,0,0,0,0,2,0,0,0,0,0,0,612,2,2,0,2,0,280,0,0,0,0,0,0,0,4,7,7,17,9,12,2,958,"caccgcggttatacgagtgactcacattaacaccccacggcgtaaagggtgattaaaaataatctaacttacactaaagttaagacctcatcaagctgttatacgcacccatgagtggaaaattcatcaacgaaagtaactttacttatatagagtttttgacctcacgacagttaagacc"
"Lib1_000005347","species","Hemigaleus microstoma",0.994505495,"Opisthokonta","Metazoa","Chordata","Chondrichthyes","Carcharhiniformes","Hemigaleidae","Hemigaleus","Hemigaleus microstoma","NC_029400","[Hemigaleus microstoma]",376647,0,0,5,0,22,0,0,425,0,0,0,0,10,34,0,0,0,0,0,0,0,0,0,0,0,0,0,0,0,0,0,0,0,0,0,0,0,496,"caccgcggttatacgagtgactcacattaacacatctcggcgtaaagggtgattaaaagatgatctctaacaactaaagtttagacctcataaagctgttacacgcactcatgaatggaataaacaacaacgaaagtgactttatatattaagaaatccttgacgtcacgacagttgggacc"
"Lib1_000009226","species","Himantura leoparda",1,"Opisthokonta","Metazoa","Chordata","Chondrichthyes","Myliobatiformes","Dasyatidae","Himantura","Himantura leoparda","Himantura_leoparda_199","[Himantura leoparda]",1199281,0,0,0,0,0,0,0,0,0,0,0,0,0,0,0,0,9,0,0,0,0,2,491,0,0,0,0,0,0,0,0,0,2,0,0,0,0,504,"caccgcggttatacgagtgacacaaactaatattatacggcgttaggggtgattaaaaccattctttctaaaaataaagttaagacaacatcaaactgttatacgttctcatgtttaaaaacaccacttacgaaagtaactttatacaaaaaagagtttttgatttcacgacagtcaaggcc"
"Lib1_000008122","species","Mobula tarapacana",1,"Opisthokonta","Metazoa","Chordata","Chondrichthyes","Myliobatiformes","Myliobatidae","Mobula","Mobula tarapacana","Mobula_tarapacana_12","[Mobula tarapacana]",495869,0,0,2,0,0,0,0,0,0,0,0,0,4,3,0,0,2,0,0,2,0,0,0,0,0,0,9,375,0,0,2,4,2,6,9,8,0,428,"caccgcggttatacgagtgacacaaattaatatttcacggcgttaagggtgattagaaacaatctcatttatattaaagttaagacctcattaagctgtcatacgcacttatgattgaaaacatcattcacgaaagtaactttatacacaaatagaatttttgacctcactacagttaagacc"
"Lib1_000006945","species","Manta birostris",1,"Opisthokonta","Metazoa","Chordata","Chondrichthyes","Myliobatiformes","Myliobatidae","Manta","Manta birostris","Mobula_birostris_412","[Manta birostris]",195310,0,0,3,0,0,0,0,0,0,0,0,0,5,2,2,0,4,0,0,0,2,0,17,0,0,0,18,361,0,0,5,0,0,0,7,4,0,430,"caccgcggttatacgagtgacgcaaattaatattccacggcgttaagggtgattagaaacaatctcatcaatataaagttaagacctcattaagctgtcatacgcacttatgattgaaaacatcgcccacgaaagtaactttacataaacagagcttttgacctcacgacagttaaggcc"
"Lib1_000021572","species","Squalus hemipinnis",1,"Opisthokonta","Metazoa","Chordata","Chondrichthyes","Squaliformes","Squalidae","Squalus","Squalus hemipinnis","Squalus_hemipinnis_38","[Squalus hemipinnis]",436872,2,0,0,0,0,0,0,0,0,0,0,0,0,0,0,0,304,0,0,0,0,0,0,0,0,0,0,2,0,0,3,0,3,10,2,0,0,326,"caccgcggttatacgagtgacccttattaatattttcccggcgtaaagagtggtttaagaaaaatcttaaacaactaaagttaagacctcatcaagccgttatacgctctcatgaaaagaattatcgacaacgaaagtgactttatgataatagagaccttgatgccacgacagttgggccc"
"Lib1_000005945","species","Dasyatis thetidis",0.994444444,"Opisthokonta","Metazoa","Chordata","Chondrichthyes","Myliobatiformes","Dasyatidae","Dasyatis","Dasyatis thetidis","AF447993","[Dasyatis thetidis]",195295,2,0,0,0,0,0,0,0,0,0,0,0,0,0,0,0,6,0,0,0,0,180,127,0,0,0,0,0,0,0,0,0,0,0,0,0,0,315,"caccgcggttatacgagtgacacaaattaatatcctacggcgttaagggtgattagaaatatctcgcccaaaataaagttaagaccccattaagctgtcatacgctctcatgcttaaaaacatcattcacgaaagtaactttatattaacagagtttttgacctcacgacagttaagacc"
"Lib1_000001837","species","Hemipristis elongata",1,"Opisthokonta","Metazoa","Chordata","Chondrichthyes","Carcharhiniformes","Hemigaleidae","Hemipristis","Hemipristis elongata","Hemipristis_elongata_141","[Hemipristis elongata]",496090,0,0,2,2,41,0,6,19,3,2,38,3,2,2,0,0,26,0,0,0,0,0,2,20,0,9,0,0,0,0,0,0,0,2,0,0,0,179,"caccgcggttatacgagtaactcatattaacacaccccggcgtaaagagtgattaaagaatgatctctaacaactaaagtttagacctcataaagctgttatatgcatctatgaatgggacaaacaataacgaaagtgactttatataataagaaacccttgatatcacgacagttaggacc"
"Lib1_000014510","species","Neotrygon kuhlii",0.994475138,"Opisthokonta","Metazoa","Chordata","Chondrichthyes","Myliobatiformes","Dasyatidae","Neotrygon","Neotrygon kuhlii","AF447991","[Neotrygon kuhlii]",651721,0,0,2,0,0,0,0,0,0,2,0,0,0,2,0,0,4,0,0,0,0,0,0,0,0,0,0,143,0,0,0,0,2,4,3,0,0,162,"caccgcggttatacgagtgacacaaattaatattcaacggcgttaagggtgattagaaaatatctctatataaataaagttcaaatctcatcaagctgtcatacgctcctatgtccaaaaacatcaatcacgaaagtaactttatacaaacagaatttttgacctcacgacagttaagacc"
"Lib1_000012786","species","Himantura jenkinsii",0.994505495,"Opisthokonta","Metazoa","Chordata","Chondrichthyes","Myliobatiformes","Dasyatidae","Himantura","Himantura jenkinsii","NC_030271","[Himantura jenkinsii]",334999,0,0,0,0,0,0,0,0,0,0,0,0,0,0,0,0,22,0,0,0,0,0,135,0,0,0,0,0,0,0,0,0,0,0,0,0,0,157,"caccgcggttatacgagtgacataaactaatattccacggcgttaagggtgattaaaacaaatctttccaaaagtaaagttaagacgacatcaaactgtcatacgttctcatgttcaaaaacatcatttacgaaagtaactttatataaaaaagagtttttgacctcacgatagttaagacc"
"Lib1_000029371","species","Anoxypristis cuspidata",1,"Opisthokonta","Metazoa","Chordata","Chondrichthyes","Pristiformes/Rhiniformes group","Pristidae","Anoxypristis","Anoxypristis cuspidata","Anoxypristis_cuspidata_9","[Anoxypristis cuspidata]",195290,7,0,0,0,0,0,0,0,0,0,0,0,0,0,0,0,0,0,0,0,0,0,0,0,3,0,0,0,0,0,0,11,3,5,14,27,0,70,"caccgcggttatacgagtaacacacattaatactccacggcgtaaagggtggttaaaaataatcttaaaccttactaaagttaagacctcatcaagctgtcatacgcacccatgaacggaaaacacaacaacgaaagtgactttactactaacagagcttttgaccccacgacagttaagacc"
"Lib1_000012208","species","Carcharias taurus",1,"Opisthokonta","Metazoa","Chordata","Chondrichthyes","Lamniformes","Odontaspididae","Carcharias","Carcharias taurus","KT337317","[Carcharias taurus]",30501,0,0,0,0,0,0,0,0,0,0,0,0,0,0,0,0,31,0,0,0,0,0,0,0,0,0,0,0,0,0,4,0,5,9,9,0,0,58,"caccgcggttatacgagtaacttatattaatacttcccggcgtaaagagtgatttaagaaacatctacaataactaaagttgagaccttaccaagctgttacacgcacccataaatggaaacatcaacaacgaaagtgactttaccctactagaaatcttgatgtcacgacagttagaccc"
"Lib1_000014218","species","Chiloscyllium plagiosum",1,"Opisthokonta","Metazoa","Chordata","Chondrichthyes","Orectolobiformes","Hemiscylliidae","Chiloscyllium","Chiloscyllium plagiosum","Chiloscyllium_plagiosum_205","[Chiloscyllium plagiosum]",36176,0,0,0,0,0,0,0,0,0,6,0,0,0,22,0,0,0,0,0,0,0,0,0,0,0,0,0,0,0,0,0,4,0,13,0,0,0,45,"caccgcggttatacgagtgacccaaattaatattctacggtgtaaagagtgatttaaggaaaaactacaaaaactaaagttaagattttatctgactgttatacgtattcatgaacaaaataatcaataacgaaagtaactttacctaaccagtaatcttgatgtcacgacagttaggacc"
"Lib1_000103084","species","Lamiopsis tephrodes",0.994505495,"Opisthokonta","Metazoa","Chordata","Chondrichthyes","Carcharhiniformes","Carcharhinidae","Lamiopsis","Lamiopsis tephrodes","NC_028340","[Lamiopsis tephrodes]",1213693,0,0,0,0,16,0,3,0,0,0,0,0,0,0,0,0,0,0,0,0,0,0,0,0,0,0,0,0,0,0,0,0,0,0,0,0,0,19,"caccgcggttatacgagtaactcacattaacacattcccggcgtaaagagtgattaaagaatgatcttcaacaattaaagtttagacctcataaaactgttatacgtattcatgagtggaacaaacaacaacgaaagtgactttataaattaagaaaccttgacgtcacgacagttgggacc"
"Lib1_000101149","species","Lamna nasus",1,"Opisthokonta","Metazoa","Chordata","Chondrichthyes","Lamniformes","Alopiidae","Lamna","Lamna nasus","Lamna_nasus_51","[Lamna nasus]",7849,0,0,0,0,0,0,0,0,0,0,0,0,0,0,0,0,0,0,0,0,0,0,0,0,0,0,0,0,0,0,0,0,0,11,2,0,0,13,"cgccgcggttatacgagtaactcatattaatatttcccggcgtaaagagtgatttaaggaatatctaccaataactaaagttaagaccttatcaagctgtcacacgcacccacaagcggaattgtcaacaacgaaagtgactttattgtccctagaaatcttgatgtcacgacagttagaccc"
"Lib1_000055148","species","Carcharhinus leucas",0.978021978,"Opisthokonta","Metazoa","Chordata","Chondrichthyes","Carcharhiniformes","Carcharhinidae","Carcharhinus","Carcharhinus leucas","Carcharhinus_leucas_41","[Carcharhinus leucas]",46612,0,0,0,0,0,0,0,0,0,0,0,0,0,0,0,0,0,7,0,3,0,0,0,0,0,0,0,0,0,0,0,0,0,0,0,0,0,10,"caccgcggttatacgagtaactcatattaacatatcccggcgtaaagagtgattaaagaatgacctttaactactaaagtttagacctcataaaactgttatacgtacccatgagcggaacaaacaacaacgaaagtgactttataaacttaagaaaccttgatgtcacgacagttgggatc"
"Lib1_000184344","genus","Dasyatis",1,"Opisthokonta","Metazoa","Chordata","Chondrichthyes","Myliobatiformes","Dasyatidae","Dasyatis","None","AF447992","[Dasyatis bennetti| Dasyatis sp. KCCL-2002]",32439,0,0,0,0,0,0,0,0,0,0,0,0,0,0,0,0,0,0,0,0,0,0,0,0,0,0,0,0,0,0,0,0,0,11,0,0,0,11,"caccgcggttatacgagtgacgcaaactaatattcctcggcgttaagggtgattagaaatatcttatccaaagtaaagttaagaccccattaagctgtcatacgctctcatgcttaaaaatatcactcacgaaagtaactttacataaaatagagtttttgacctcacgacagttaagacc"
"Lib1_000086360","species","Glyphis glyphis",1,"Opisthokonta","Metazoa","Chordata","Chondrichthyes","Carcharhiniformes","Carcharhinidae","Glyphis","Glyphis glyphis","KY039268","[Glyphis glyphis]",571825,0,0,0,0,0,0,0,0,0,0,0,0,0,0,0,0,0,0,0,0,0,0,0,0,0,8,0,0,0,0,0,0,0,0,0,0,0,8,"caccgcggttatacgagtaactcacattaacacatcccggcgtaaagagtgattaaagaatgacctccaactattaaagttcagacctcataaaactgttatacgtattcatgaatggaacaaacaacaacgaaagtgactttataaattaaggaaccttgacgtcacgacagttgggacc"
